order_item_id,order_id,product_id,quantity,unit_price,total_price
4001,3001,2020,3,135.14,405.42
4002,3001,2222,3,148.95,446.85
4003,3001,2052,2,236.31,472.62
4004,3002,2286,3,89.93,269.79
4005,3002,2019,3,346.2,1038.6
4006,3003,2126,1,337.04,337.04
4007,3004,2193,1,307.5,307.5
4008,3004,2113,2,460.84,921.68
4009,3004,2101,1,356.0,356.0
4010,3004,2136,3,328.45,985.35
4011,3004,2241,2,247.33,494.66
4012,3005,2068,3,567.68,1703.04
4013,3005,2102,3,402.54,1207.62
4014,3005,2046,3,158.91,476.73
4015,3006,2002,1,568.17,568.17
4016,3006,2223,2,222.13,444.26
4017,3007,2107,3,383.56,1150.68
4018,3007,2092,2,223.59,447.18
4019,3007,2020,3,135.14,405.42
4020,3007,2215,3,147.0,441.0
4021,3007,2135,1,296.89,296.89
4022,3008,2248,2,160.44,320.88
4023,3008,2272,1,356.34,356.34
4024,3008,2093,2,546.15,1092.3
4025,3009,2251,2,522.98,1045.96
4026,3009,2201,2,381.11,762.22
4027,3009,2183,1,294.93,294.93
4028,3009,2279,1,13.06,13.06
4029,3010,2148,2,179.97,359.94
4030,3011,2167,1,174.42,174.42
4031,3011,2127,2,290.61,581.22
4032,3011,2218,2,123.75,247.5
4033,3011,2060,3,244.51,733.53
4034,3012,2178,3,214.14,642.42
4035,3013,2066,3,152.08,456.24
4036,3013,2248,1,160.44,160.44
4037,3013,2251,1,522.98,522.98
4038,3013,2211,2,356.22,712.44
4039,3014,2260,1,505.04,505.04
4040,3014,2111,3,75.41,226.23
4041,3014,2210,2,498.48,996.96
4042,3015,2163,2,386.12,772.24
4043,3015,2211,2,356.22,712.44
4044,3015,2201,2,381.11,762.22
4045,3016,2028,3,584.82,1754.46
4046,3016,2138,1,224.93,224.93
4047,3016,2249,2,437.49,874.98
4048,3017,2158,2,481.6,963.2
4049,3018,2114,1,234.31,234.31
4050,3018,2294,3,353.51,1060.53
4051,3018,2086,1,569.91,569.91
4052,3018,2275,3,372.17,1116.51
4053,3019,2169,1,419.44,419.44
4054,3019,2067,3,403.43,1210.29
4055,3019,2277,2,374.97,749.94
4056,3019,2011,2,368.27,736.54
4057,3019,2195,3,246.81,740.43
4058,3020,2026,3,445.77,1337.31
4059,3021,2186,1,198.27,198.27
4060,3021,2275,1,372.17,372.17
4061,3022,2203,2,252.11,504.22
4062,3022,2118,2,72.45,144.9
4063,3022,2149,1,503.64,503.64
4064,3022,2083,3,438.68,1316.04
4065,3022,2192,3,246.33,738.99
4066,3023,2007,1,278.26,278.26
4067,3023,2019,3,346.2,1038.6
4068,3024,2257,2,346.17,692.34
4069,3025,2022,1,151.78,151.78
4070,3025,2081,1,393.04,393.04
4071,3025,2145,3,142.47,427.41
4072,3025,2155,3,488.77,1466.31
4073,3026,2018,3,154.83,464.49
4074,3026,2140,1,176.24,176.24
4075,3027,2206,1,174.6,174.6
4076,3027,2068,1,567.68,567.68
4077,3027,2139,3,151.1,453.3
4078,3027,2044,3,250.92,752.76
4079,3028,2011,1,368.27,368.27
4080,3028,2008,3,287.47,862.41
4081,3028,2278,3,429.88,1289.64
4082,3028,2078,2,242.79,485.58
4083,3029,2160,2,365.44,730.88
4084,3029,2166,3,271.91,815.73
4085,3030,2155,2,488.77,977.54
4086,3031,2104,2,338.19,676.38
4087,3031,2052,2,236.31,472.62
4088,3031,2136,2,328.45,656.9
4089,3031,2296,2,397.97,795.94
4090,3032,2114,2,234.31,468.62
4091,3033,2143,1,312.87,312.87
4092,3033,2248,2,160.44,320.88
4093,3033,2146,1,179.25,179.25
4094,3033,2274,2,584.84,1169.68
4095,3033,2260,3,505.04,1515.12
4096,3034,2191,1,509.82,509.82
4097,3034,2280,3,120.55,361.65
4098,3034,2056,1,347.35,347.35
4099,3034,2232,2,11.77,23.54
4100,3035,2229,2,514.14,1028.28
4101,3035,2190,3,38.7,116.1
4102,3036,2160,2,365.44,730.88
4103,3037,2043,3,270.91,812.73
4104,3037,2049,1,369.22,369.22
4105,3038,2251,1,522.98,522.98
4106,3038,2128,1,111.8,111.8
4107,3039,2243,1,526.98,526.98
4108,3039,2268,2,232.52,465.04
4109,3039,2291,2,334.55,669.1
4110,3039,2120,2,323.05,646.1
4111,3040,2173,2,347.63,695.26
4112,3040,2078,3,242.79,728.37
4113,3040,2019,3,346.2,1038.6
4114,3041,2209,2,573.63,1147.26
4115,3041,2003,3,240.08,720.24
4116,3041,2138,2,224.93,449.86
4117,3041,2108,2,211.12,422.24
4118,3041,2288,3,568.88,1706.64
4119,3042,2165,3,226.12,678.36
4120,3042,2237,2,456.14,912.28
4121,3043,2285,2,567.08,1134.16
4122,3043,2042,1,494.63,494.63
4123,3043,2054,1,186.14,186.14
4124,3043,2218,1,123.75,123.75
4125,3043,2040,3,566.17,1698.51
4126,3044,2086,1,569.91,569.91
4127,3045,2059,1,251.88,251.88
4128,3045,2020,3,135.14,405.42
4129,3045,2218,3,123.75,371.25
4130,3045,2254,2,312.55,625.1
4131,3046,2281,2,218.8,437.6
4132,3046,2215,1,147.0,147.0
4133,3047,2061,3,434.03,1302.09
4134,3047,2223,3,222.13,666.39
4135,3047,2151,2,404.24,808.48
4136,3048,2166,2,271.91,543.82
4137,3048,2191,3,509.82,1529.46
4138,3048,2289,3,420.02,1260.06
4139,3048,2085,1,331.22,331.22
4140,3048,2073,3,435.34,1306.02
4141,3049,2266,2,56.61,113.22
4142,3049,2129,1,551.57,551.57
4143,3049,2242,2,148.15,296.3
4144,3050,2085,3,331.22,993.66
4145,3050,2269,2,266.0,532.0
4146,3051,2163,2,386.12,772.24
4147,3052,2077,1,93.04,93.04
4148,3052,2241,1,247.33,247.33
4149,3053,2097,3,394.03,1182.09
4150,3053,2103,2,350.96,701.92
4151,3053,2049,2,369.22,738.44
4152,3054,2032,3,476.53,1429.59
4153,3055,2081,1,393.04,393.04
4154,3055,2035,2,102.34,204.68
4155,3055,2180,3,109.49,328.47
4156,3055,2287,1,204.42,204.42
4157,3056,2141,2,91.65,183.3
4158,3056,2146,3,179.25,537.75
4159,3057,2189,3,23.66,70.98
4160,3057,2207,3,298.5,895.5
4161,3057,2131,3,512.41,1537.23
4162,3058,2040,1,566.17,566.17
4163,3058,2079,3,495.22,1485.66
4164,3059,2144,2,25.73,51.46
4165,3059,2092,3,223.59,670.77
4166,3060,2065,3,343.89,1031.67
4167,3061,2197,1,594.45,594.45
4168,3061,2170,1,430.88,430.88
4169,3061,2295,1,423.95,423.95
4170,3061,2142,1,314.38,314.38
4171,3061,2243,1,526.98,526.98
4172,3062,2076,1,107.07,107.07
4173,3063,2244,2,569.62,1139.24
4174,3063,2001,1,205.21,205.21
4175,3064,2071,3,414.61,1243.83
4176,3065,2218,3,123.75,371.25
4177,3065,2242,1,148.15,148.15
4178,3065,2168,1,548.98,548.98
4179,3065,2155,3,488.77,1466.31
4180,3066,2194,2,242.39,484.78
4181,3066,2198,3,428.15,1284.45
4182,3066,2243,2,526.98,1053.96
4183,3066,2182,3,462.5,1387.5
4184,3067,2110,1,296.53,296.53
4185,3068,2074,2,270.08,540.16
4186,3068,2224,2,414.77,829.54
4187,3068,2287,3,204.42,613.26
4188,3069,2062,3,413.79,1241.37
4189,3069,2286,2,89.93,179.86
4190,3069,2223,1,222.13,222.13
4191,3070,2188,2,194.49,388.98
4192,3071,2218,1,123.75,123.75
4193,3071,2110,2,296.53,593.06
4194,3071,2287,2,204.42,408.84
4195,3072,2006,2,262.87,525.74
4196,3072,2101,2,356.0,712.0
4197,3073,2100,2,60.35,120.7
4198,3073,2003,2,240.08,480.16
4199,3073,2159,3,418.31,1254.93
4200,3073,2169,1,419.44,419.44
4201,3073,2049,3,369.22,1107.66
4202,3074,2018,2,154.83,309.66
4203,3074,2141,1,91.65,91.65
4204,3074,2246,3,186.92,560.76
4205,3075,2141,1,91.65,91.65
4206,3075,2030,3,291.85,875.55
4207,3075,2293,2,398.6,797.2
4208,3076,2233,1,329.28,329.28
4209,3076,2252,1,292.55,292.55
4210,3076,2089,2,590.57,1181.14
4211,3076,2243,1,526.98,526.98
4212,3076,2280,3,120.55,361.65
4213,3077,2091,1,166.56,166.56
4214,3077,2068,2,567.68,1135.36
4215,3078,2029,2,348.69,697.38
4216,3079,2161,1,399.93,399.93
4217,3080,2143,3,312.87,938.61
4218,3080,2100,1,60.35,60.35
4219,3080,2009,3,33.74,101.22
4220,3080,2171,3,181.3,543.9
4221,3080,2163,2,386.12,772.24
4222,3081,2008,1,287.47,287.47
4223,3081,2207,3,298.5,895.5
4224,3081,2214,1,455.98,455.98
4225,3081,2032,3,476.53,1429.59
4226,3081,2034,2,379.04,758.08
4227,3082,2089,2,590.57,1181.14
4228,3083,2142,3,314.38,943.14
4229,3084,2259,1,217.77,217.77
4230,3084,2210,3,498.48,1495.44
4231,3085,2160,2,365.44,730.88
4232,3086,2180,3,109.49,328.47
4233,3086,2061,1,434.03,434.03
4234,3086,2175,3,388.97,1166.91
4235,3086,2239,2,76.57,153.14
4236,3086,2291,1,334.55,334.55
4237,3087,2047,1,120.66,120.66
4238,3088,2096,2,323.02,646.04
4239,3089,2011,2,368.27,736.54
4240,3089,2087,1,206.76,206.76
4241,3089,2006,3,262.87,788.61
4242,3089,2112,1,243.2,243.2
4243,3089,2192,2,246.33,492.66
4244,3090,2068,1,567.68,567.68
4245,3090,2159,2,418.31,836.62
4246,3091,2092,3,223.59,670.77
4247,3091,2143,2,312.87,625.74
4248,3091,2072,2,145.76,291.52
4249,3092,2097,1,394.03,394.03
4250,3092,2140,1,176.24,176.24
4251,3093,2133,1,232.23,232.23
4252,3093,2226,2,334.04,668.08
4253,3093,2136,2,328.45,656.9
4254,3094,2187,1,181.22,181.22
4255,3094,2179,3,574.24,1722.72
4256,3094,2268,2,232.52,465.04
4257,3094,2231,1,44.05,44.05
4258,3094,2088,3,489.69,1469.07
4259,3095,2108,2,211.12,422.24
4260,3095,2223,3,222.13,666.39
4261,3095,2178,3,214.14,642.42
4262,3095,2148,3,179.97,539.91
4263,3095,2107,3,383.56,1150.68
4264,3096,2047,2,120.66,241.32
4265,3096,2263,1,324.0,324.0
4266,3096,2108,2,211.12,422.24
4267,3097,2017,3,552.56,1657.68
4268,3097,2060,3,244.51,733.53
4269,3097,2265,1,97.84,97.84
4270,3098,2072,3,145.76,437.28
4271,3098,2240,2,69.52,139.04
4272,3098,2166,3,271.91,815.73
4273,3098,2191,3,509.82,1529.46
4274,3099,2166,3,271.91,815.73
4275,3100,2184,1,103.26,103.26
4276,3101,2216,2,474.89,949.78
4277,3101,2244,2,569.62,1139.24
4278,3102,2096,2,323.02,646.04
4279,3103,2084,1,417.26,417.26
4280,3103,2240,1,69.52,69.52
4281,3103,2280,2,120.55,241.1
4282,3104,2234,1,89.89,89.89
4283,3104,2295,2,423.95,847.9
4284,3104,2223,3,222.13,666.39
4285,3104,2205,2,324.53,649.06
4286,3104,2243,3,526.98,1580.94
4287,3105,2248,1,160.44,160.44
4288,3105,2206,1,174.6,174.6
4289,3105,2154,3,217.85,653.55
4290,3106,2216,2,474.89,949.78
4291,3107,2296,1,397.97,397.97
4292,3107,2206,3,174.6,523.8
4293,3107,2015,1,211.32,211.32
4294,3108,2269,1,266.0,266.0
4295,3108,2102,1,402.54,402.54
4296,3108,2291,3,334.55,1003.65
4297,3109,2028,1,584.82,584.82
4298,3109,2047,2,120.66,241.32
4299,3109,2159,2,418.31,836.62
4300,3110,2085,1,331.22,331.22
4301,3110,2236,1,215.17,215.17
4302,3110,2001,2,205.21,410.42
4303,3110,2076,2,107.07,214.14
4304,3111,2095,1,368.89,368.89
4305,3112,2224,3,414.77,1244.31
4306,3112,2047,1,120.66,120.66
4307,3113,2285,1,567.08,567.08
4308,3113,2192,2,246.33,492.66
4309,3114,2177,2,500.51,1001.02
4310,3114,2052,3,236.31,708.93
4311,3115,2109,3,102.86,308.58
4312,3115,2242,1,148.15,148.15
4313,3115,2193,1,307.5,307.5
4314,3115,2238,2,495.77,991.54
4315,3116,2163,2,386.12,772.24
4316,3116,2069,2,127.53,255.06
4317,3117,2218,1,123.75,123.75
4318,3117,2202,2,74.83,149.66
4319,3117,2274,2,584.84,1169.68
4320,3118,2014,2,471.74,943.48
4321,3118,2114,2,234.31,468.62
4322,3118,2092,3,223.59,670.77
4323,3118,2121,1,161.01,161.01
4324,3118,2189,3,23.66,70.98
4325,3119,2204,1,340.91,340.91
4326,3119,2040,1,566.17,566.17
4327,3119,2118,1,72.45,72.45
4328,3119,2071,2,414.61,829.22
4329,3119,2256,2,561.5,1123.0
4330,3120,2174,2,599.75,1199.5
4331,3121,2218,2,123.75,247.5
4332,3121,2078,2,242.79,485.58
4333,3122,2247,1,95.16,95.16
4334,3122,2018,1,154.83,154.83
4335,3122,2134,2,259.8,519.6
4336,3122,2216,3,474.89,1424.67
4337,3123,2055,3,213.61,640.83
4338,3123,2239,2,76.57,153.14
4339,3123,2043,1,270.91,270.91
4340,3123,2178,1,214.14,214.14
4341,3123,2052,2,236.31,472.62
4342,3124,2295,2,423.95,847.9
4343,3124,2260,3,505.04,1515.12
4344,3125,2006,1,262.87,262.87
4345,3125,2249,2,437.49,874.98
4346,3125,2206,2,174.6,349.2
4347,3125,2217,2,278.06,556.12
4348,3126,2231,3,44.05,132.15
4349,3127,2243,2,526.98,1053.96
4350,3127,2172,1,81.59,81.59
4351,3127,2274,1,584.84,584.84
4352,3128,2273,1,511.16,511.16
4353,3128,2197,2,594.45,1188.9
4354,3128,2041,3,200.16,600.48
4355,3128,2077,3,93.04,279.12
4356,3129,2102,2,402.54,805.08
4357,3129,2264,1,489.75,489.75
4358,3129,2233,2,329.28,658.56
4359,3130,2021,2,314.8,629.6
4360,3130,2063,2,425.29,850.58
4361,3130,2251,1,522.98,522.98
4362,3131,2190,1,38.7,38.7
4363,3131,2130,3,391.9,1175.7
4364,3131,2218,2,123.75,247.5
4365,3131,2173,1,347.63,347.63
4366,3131,2152,2,336.94,673.88
4367,3132,2214,2,455.98,911.96
4368,3132,2009,2,33.74,67.48
4369,3132,2229,3,514.14,1542.42
4370,3133,2058,2,523.11,1046.22
4371,3134,2273,3,511.16,1533.48
4372,3135,2128,1,111.8,111.8
4373,3135,2090,1,25.2,25.2
4374,3135,2044,3,250.92,752.76
4375,3135,2274,1,584.84,584.84
4376,3136,2221,3,119.01,357.03
4377,3136,2141,3,91.65,274.95
4378,3136,2177,1,500.51,500.51
4379,3136,2235,3,544.98,1634.94
4380,3137,2292,2,50.79,101.58
4381,3137,2235,1,544.98,544.98
4382,3137,2021,1,314.8,314.8
4383,3137,2040,3,566.17,1698.51
4384,3137,2168,3,548.98,1646.94
4385,3138,2196,3,97.86,293.58
4386,3139,2173,3,347.63,1042.89
4387,3140,2217,1,278.06,278.06
4388,3140,2206,3,174.6,523.8
4389,3140,2012,2,25.14,50.28
4390,3141,2222,1,148.95,148.95
4391,3142,2293,2,398.6,797.2
4392,3142,2134,3,259.8,779.4
4393,3143,2277,2,374.97,749.94
4394,3143,2125,1,179.37,179.37
4395,3143,2026,2,445.77,891.54
4396,3143,2192,2,246.33,492.66
4397,3143,2294,3,353.51,1060.53
4398,3144,2142,3,314.38,943.14
4399,3144,2257,1,346.17,346.17
4400,3145,2205,2,324.53,649.06
4401,3145,2093,1,546.15,546.15
4402,3145,2146,1,179.25,179.25
4403,3145,2140,2,176.24,352.48
4404,3145,2003,3,240.08,720.24
4405,3146,2141,2,91.65,183.3
4406,3146,2137,3,101.0,303.0
4407,3147,2050,1,64.98,64.98
4408,3147,2114,3,234.31,702.93
4409,3147,2116,2,348.3,696.6
4410,3148,2033,3,594.11,1782.33
4411,3148,2148,3,179.97,539.91
4412,3149,2236,2,215.17,430.34
4413,3149,2216,3,474.89,1424.67
4414,3149,2169,1,419.44,419.44
4415,3149,2278,2,429.88,859.76
4416,3149,2200,2,471.9,943.8
4417,3150,2178,2,214.14,428.28
4418,3150,2228,3,342.85,1028.55
4419,3150,2078,2,242.79,485.58
4420,3151,2273,3,511.16,1533.48
4421,3151,2088,2,489.69,979.38
4422,3152,2207,1,298.5,298.5
4423,3152,2017,3,552.56,1657.68
4424,3152,2293,2,398.6,797.2
4425,3153,2177,2,500.51,1001.02
4426,3153,2043,2,270.91,541.82
4427,3153,2107,2,383.56,767.12
4428,3153,2272,2,356.34,712.68
4429,3153,2190,3,38.7,116.1
4430,3154,2016,3,498.93,1496.79
4431,3154,2080,2,531.69,1063.38
4432,3154,2300,3,184.3,552.9
4433,3154,2086,2,569.91,1139.82
4434,3155,2012,1,25.14,25.14
4435,3155,2146,2,179.25,358.5
4436,3155,2285,3,567.08,1701.24
4437,3155,2252,1,292.55,292.55
4438,3156,2064,1,479.71,479.71
4439,3156,2050,1,64.98,64.98
4440,3156,2203,3,252.11,756.33
4441,3156,2112,2,243.2,486.4
4442,3157,2082,3,148.52,445.56
4443,3157,2206,2,174.6,349.2
4444,3158,2112,2,243.2,486.4
4445,3158,2215,2,147.0,294.0
4446,3158,2143,3,312.87,938.61
4447,3159,2163,3,386.12,1158.36
4448,3160,2273,2,511.16,1022.32
4449,3160,2201,2,381.11,762.22
4450,3160,2116,2,348.3,696.6
4451,3160,2207,1,298.5,298.5
4452,3160,2254,1,312.55,312.55
4453,3161,2148,2,179.97,359.94
4454,3161,2002,3,568.17,1704.51
4455,3161,2273,1,511.16,511.16
4456,3161,2172,3,81.59,244.77
4457,3162,2197,3,594.45,1783.35
4458,3163,2215,3,147.0,441.0
4459,3163,2211,1,356.22,356.22
4460,3163,2097,1,394.03,394.03
4461,3163,2015,3,211.32,633.96
4462,3164,2258,2,298.28,596.56
4463,3164,2042,3,494.63,1483.89
4464,3164,2293,1,398.6,398.6
4465,3164,2210,1,498.48,498.48
4466,3164,2012,3,25.14,75.42
4467,3165,2047,3,120.66,361.98
4468,3165,2190,3,38.7,116.1
4469,3165,2012,1,25.14,25.14
4470,3165,2200,1,471.9,471.9
4471,3166,2189,3,23.66,70.98
4472,3166,2123,1,196.51,196.51
4473,3166,2090,2,25.2,50.4
4474,3166,2242,1,148.15,148.15
4475,3167,2034,3,379.04,1137.12
4476,3167,2016,2,498.93,997.86
4477,3167,2106,2,13.59,27.18
4478,3168,2228,1,342.85,342.85
4479,3168,2124,2,217.64,435.28
4480,3169,2057,3,477.5,1432.5
4481,3169,2170,1,430.88,430.88
4482,3169,2082,1,148.52,148.52
4483,3169,2126,3,337.04,1011.12
4484,3169,2237,1,456.14,456.14
4485,3170,2267,2,498.55,997.1
4486,3170,2241,2,247.33,494.66
4487,3170,2198,3,428.15,1284.45
4488,3170,2037,3,378.77,1136.31
4489,3171,2274,3,584.84,1754.52
4490,3172,2225,2,140.29,280.58
4491,3173,2150,2,181.84,363.68
4492,3174,2187,2,181.22,362.44
4493,3175,2226,2,334.04,668.08
4494,3175,2220,3,386.84,1160.52
4495,3175,2064,1,479.71,479.71
4496,3175,2054,3,186.14,558.42
4497,3175,2075,1,255.14,255.14
4498,3176,2212,1,40.96,40.96
4499,3176,2174,2,599.75,1199.5
4500,3176,2073,1,435.34,435.34
4501,3177,2050,2,64.98,129.96
4502,3177,2169,3,419.44,1258.32
4503,3177,2038,2,545.95,1091.9
4504,3178,2134,2,259.8,519.6
4505,3178,2176,3,335.26,1005.78
4506,3179,2170,2,430.88,861.76
4507,3179,2231,3,44.05,132.15
4508,3179,2133,1,232.23,232.23
4509,3179,2291,1,334.55,334.55
4510,3180,2268,1,232.52,232.52
4511,3180,2148,1,179.97,179.97
4512,3181,2289,2,420.02,840.04
4513,3181,2186,3,198.27,594.81
4514,3181,2150,1,181.84,181.84
4515,3182,2157,3,454.43,1363.29
4516,3182,2244,3,569.62,1708.86
4517,3182,2226,1,334.04,334.04
4518,3182,2151,1,404.24,404.24
4519,3182,2080,3,531.69,1595.07
4520,3183,2197,1,594.45,594.45
4521,3183,2132,1,580.93,580.93
4522,3183,2117,3,111.4,334.2
4523,3184,2076,2,107.07,214.14
4524,3184,2300,2,184.3,368.6
4525,3184,2007,3,278.26,834.78
4526,3185,2265,3,97.84,293.52
4527,3185,2208,1,409.2,409.2
4528,3185,2245,3,565.53,1696.59
4529,3185,2088,3,489.69,1469.07
4530,3185,2177,2,500.51,1001.02
4531,3186,2192,2,246.33,492.66
4532,3186,2194,1,242.39,242.39
4533,3186,2249,2,437.49,874.98
4534,3186,2087,2,206.76,413.52
4535,3186,2269,1,266.0,266.0
4536,3187,2176,1,335.26,335.26
4537,3188,2106,2,13.59,27.18
4538,3188,2115,3,447.79,1343.37
4539,3188,2077,3,93.04,279.12
4540,3189,2101,2,356.0,712.0
4541,3190,2236,1,215.17,215.17
4542,3190,2292,3,50.79,152.37
4543,3190,2007,1,278.26,278.26
4544,3190,2269,2,266.0,532.0
4545,3191,2205,3,324.53,973.59
4546,3192,2169,3,419.44,1258.32
4547,3193,2139,3,151.1,453.3
4548,3194,2276,3,299.45,898.35
4549,3194,2041,1,200.16,200.16
4550,3194,2029,1,348.69,348.69
4551,3194,2229,2,514.14,1028.28
4552,3194,2291,3,334.55,1003.65
4553,3195,2126,3,337.04,1011.12
4554,3195,2117,3,111.4,334.2
4555,3196,2091,2,166.56,333.12
4556,3196,2021,1,314.8,314.8
4557,3196,2137,3,101.0,303.0
4558,3196,2283,1,110.04,110.04
4559,3197,2068,3,567.68,1703.04
4560,3198,2032,1,476.53,476.53
4561,3198,2107,3,383.56,1150.68
4562,3198,2117,3,111.4,334.2
4563,3199,2238,2,495.77,991.54
4564,3199,2051,3,310.22,930.66
4565,3199,2275,1,372.17,372.17
4566,3199,2027,1,124.52,124.52
4567,3200,2060,1,244.51,244.51
4568,3200,2227,1,361.52,361.52
4569,3200,2043,3,270.91,812.73
4570,3200,2244,3,569.62,1708.86
4571,3201,2250,3,121.01,363.03
4572,3201,2154,1,217.85,217.85
4573,3202,2221,1,119.01,119.01
4574,3202,2058,2,523.11,1046.22
4575,3202,2227,2,361.52,723.04
4576,3202,2100,3,60.35,181.05
4577,3202,2234,2,89.89,179.78
4578,3203,2091,3,166.56,499.68
4579,3203,2169,2,419.44,838.88
4580,3203,2260,3,505.04,1515.12
4581,3203,2248,2,160.44,320.88
4582,3204,2273,2,511.16,1022.32
4583,3204,2128,3,111.8,335.4
4584,3204,2175,3,388.97,1166.91
4585,3205,2159,1,418.31,418.31
4586,3205,2226,2,334.04,668.08
4587,3205,2058,3,523.11,1569.33
4588,3205,2094,2,246.94,493.88
4589,3205,2250,2,121.01,242.02
4590,3206,2092,2,223.59,447.18
4591,3206,2034,3,379.04,1137.12
4592,3207,2049,3,369.22,1107.66
4593,3207,2227,3,361.52,1084.56
4594,3207,2176,3,335.26,1005.78
4595,3208,2100,1,60.35,60.35
4596,3208,2056,1,347.35,347.35
4597,3209,2257,3,346.17,1038.51
4598,3209,2157,2,454.43,908.86
4599,3209,2164,1,368.46,368.46
4600,3210,2108,2,211.12,422.24
4601,3210,2293,1,398.6,398.6
4602,3210,2080,1,531.69,531.69
4603,3211,2088,2,489.69,979.38
4604,3211,2081,3,393.04,1179.12
4605,3211,2167,3,174.42,523.26
4606,3211,2265,2,97.84,195.68
4607,3212,2118,2,72.45,144.9
4608,3212,2135,2,296.89,593.78
4609,3212,2242,1,148.15,148.15
4610,3213,2171,2,181.3,362.6
4611,3213,2182,2,462.5,925.0
4612,3213,2162,2,217.4,434.8
4613,3214,2202,2,74.83,149.66
4614,3214,2214,2,455.98,911.96
4615,3214,2003,3,240.08,720.24
4616,3214,2207,1,298.5,298.5
4617,3214,2029,2,348.69,697.38
4618,3215,2010,3,289.39,868.17
4619,3215,2104,3,338.19,1014.57
4620,3215,2107,2,383.56,767.12
4621,3216,2192,2,246.33,492.66
4622,3216,2013,2,54.83,109.66
4623,3216,2165,2,226.12,452.24
4624,3217,2287,2,204.42,408.84
4625,3217,2103,1,350.96,350.96
4626,3217,2111,1,75.41,75.41
4627,3217,2258,1,298.28,298.28
4628,3217,2226,1,334.04,334.04
4629,3218,2246,3,186.92,560.76
4630,3218,2241,2,247.33,494.66
4631,3218,2024,3,323.23,969.69
4632,3219,2128,1,111.8,111.8
4633,3219,2144,1,25.73,25.73
4634,3219,2193,3,307.5,922.5
4635,3219,2031,2,488.56,977.12
4636,3220,2276,2,299.45,598.9
4637,3220,2190,1,38.7,38.7
4638,3220,2225,2,140.29,280.58
4639,3221,2038,3,545.95,1637.85
4640,3221,2167,2,174.42,348.84
4641,3222,2078,3,242.79,728.37
4642,3222,2154,1,217.85,217.85
4643,3223,2046,3,158.91,476.73
4644,3223,2225,3,140.29,420.87
4645,3223,2126,2,337.04,674.08
4646,3223,2168,3,548.98,1646.94
4647,3223,2294,3,353.51,1060.53
4648,3224,2012,3,25.14,75.42
4649,3224,2072,3,145.76,437.28
4650,3224,2035,3,102.34,307.02
4651,3225,2185,1,433.82,433.82
4652,3225,2229,2,514.14,1028.28
4653,3225,2110,2,296.53,593.06
4654,3226,2236,2,215.17,430.34
4655,3226,2186,1,198.27,198.27
4656,3227,2131,1,512.41,512.41
4657,3227,2012,3,25.14,75.42
4658,3227,2072,2,145.76,291.52
4659,3228,2203,1,252.11,252.11
4660,3228,2250,3,121.01,363.03
4661,3228,2025,2,146.01,292.02
4662,3228,2271,1,175.41,175.41
4663,3229,2224,2,414.77,829.54
4664,3229,2017,2,552.56,1105.12
4665,3229,2259,3,217.77,653.31
4666,3229,2168,2,548.98,1097.96
4667,3229,2276,3,299.45,898.35
4668,3230,2039,3,496.29,1488.87
4669,3231,2286,1,89.93,89.93
4670,3232,2082,3,148.52,445.56
4671,3232,2263,3,324.0,972.0
4672,3232,2045,1,302.32,302.32
4673,3232,2294,1,353.51,353.51
4674,3232,2240,3,69.52,208.56
4675,3233,2142,3,314.38,943.14
4676,3233,2239,2,76.57,153.14
4677,3233,2232,1,11.77,11.77
4678,3233,2078,1,242.79,242.79
4679,3234,2174,2,599.75,1199.5
4680,3234,2233,3,329.28,987.84
4681,3234,2271,2,175.41,350.82
4682,3234,2222,1,148.95,148.95
4683,3234,2011,3,368.27,1104.81
4684,3235,2010,2,289.39,578.78
4685,3235,2005,1,552.52,552.52
4686,3235,2116,2,348.3,696.6
4687,3235,2166,1,271.91,271.91
4688,3236,2168,2,548.98,1097.96
4689,3236,2273,3,511.16,1533.48
4690,3236,2235,3,544.98,1634.94
4691,3236,2103,1,350.96,350.96
4692,3236,2295,1,423.95,423.95
4693,3237,2106,1,13.59,13.59
4694,3237,2158,1,481.6,481.6
4695,3238,2274,3,584.84,1754.52
4696,3239,2066,3,152.08,456.24
4697,3240,2036,1,179.97,179.97
4698,3240,2168,3,548.98,1646.94
4699,3240,2162,1,217.4,217.4
4700,3241,2156,2,532.61,1065.22
4701,3241,2084,2,417.26,834.52
4702,3242,2112,1,243.2,243.2
4703,3242,2182,1,462.5,462.5
4704,3243,2064,3,479.71,1439.13
4705,3243,2193,3,307.5,922.5
4706,3243,2014,1,471.74,471.74
4707,3243,2228,2,342.85,685.7
4708,3244,2229,2,514.14,1028.28
4709,3245,2102,1,402.54,402.54
4710,3245,2106,1,13.59,13.59
4711,3245,2195,3,246.81,740.43
4712,3245,2064,3,479.71,1439.13
4713,3246,2063,3,425.29,1275.87
4714,3246,2084,3,417.26,1251.78
4715,3246,2108,2,211.12,422.24
4716,3246,2062,3,413.79,1241.37
4717,3246,2251,2,522.98,1045.96
4718,3247,2098,2,144.8,289.6
4719,3247,2108,2,211.12,422.24
4720,3247,2047,2,120.66,241.32
4721,3247,2260,3,505.04,1515.12
4722,3248,2234,1,89.89,89.89
4723,3249,2195,2,246.81,493.62
4724,3250,2052,1,236.31,236.31
4725,3250,2182,2,462.5,925.0
4726,3250,2185,3,433.82,1301.46
4727,3250,2159,2,418.31,836.62
4728,3251,2044,2,250.92,501.84
4729,3251,2200,1,471.9,471.9
4730,3252,2166,1,271.91,271.91
4731,3252,2024,1,323.23,323.23
4732,3252,2073,3,435.34,1306.02
4733,3253,2066,3,152.08,456.24
4734,3254,2072,1,145.76,145.76
4735,3254,2241,1,247.33,247.33
4736,3255,2108,2,211.12,422.24
4737,3255,2151,1,404.24,404.24
4738,3255,2191,1,509.82,509.82
4739,3255,2213,3,586.96,1760.88
4740,3255,2081,1,393.04,393.04
4741,3256,2187,1,181.22,181.22
4742,3256,2057,1,477.5,477.5
4743,3257,2105,2,398.11,796.22
4744,3257,2157,3,454.43,1363.29
4745,3257,2207,2,298.5,597.0
4746,3257,2192,1,246.33,246.33
4747,3258,2170,1,430.88,430.88
4748,3259,2018,3,154.83,464.49
4749,3259,2074,2,270.08,540.16
4750,3259,2209,3,573.63,1720.89
4751,3259,2024,3,323.23,969.69
4752,3260,2087,1,206.76,206.76
4753,3260,2081,1,393.04,393.04
4754,3260,2052,2,236.31,472.62
4755,3260,2008,1,287.47,287.47
4756,3260,2179,1,574.24,574.24
4757,3261,2238,1,495.77,495.77
4758,3261,2213,3,586.96,1760.88
4759,3261,2275,3,372.17,1116.51
4760,3261,2226,1,334.04,334.04
4761,3262,2244,1,569.62,569.62
4762,3262,2241,2,247.33,494.66
4763,3262,2132,3,580.93,1742.79
4764,3263,2188,1,194.49,194.49
4765,3263,2050,1,64.98,64.98
4766,3263,2245,1,565.53,565.53
4767,3263,2253,3,199.74,599.22
4768,3263,2293,1,398.6,398.6
4769,3264,2116,3,348.3,1044.9
4770,3264,2043,1,270.91,270.91
4771,3265,2145,2,142.47,284.94
4772,3265,2054,1,186.14,186.14
4773,3265,2128,3,111.8,335.4
4774,3265,2116,3,348.3,1044.9
4775,3266,2169,3,419.44,1258.32
4776,3266,2237,3,456.14,1368.42
4777,3266,2267,2,498.55,997.1
4778,3267,2168,2,548.98,1097.96
4779,3267,2217,3,278.06,834.18
4780,3268,2297,3,579.76,1739.28
4781,3268,2018,2,154.83,309.66
4782,3269,2102,1,402.54,402.54
4783,3270,2074,3,270.08,810.24
4784,3271,2122,1,301.52,301.52
4785,3272,2166,2,271.91,543.82
4786,3272,2006,2,262.87,525.74
4787,3272,2293,1,398.6,398.6
4788,3272,2247,3,95.16,285.48
4789,3273,2208,3,409.2,1227.6
4790,3273,2232,2,11.77,23.54
4791,3273,2110,1,296.53,296.53
4792,3273,2233,3,329.28,987.84
4793,3273,2135,2,296.89,593.78
4794,3274,2173,3,347.63,1042.89
4795,3274,2096,2,323.02,646.04
4796,3274,2131,3,512.41,1537.23
4797,3274,2175,1,388.97,388.97
4798,3274,2250,3,121.01,363.03
4799,3275,2266,2,56.61,113.22
4800,3275,2135,2,296.89,593.78
4801,3275,2033,3,594.11,1782.33
4802,3276,2279,1,13.06,13.06
4803,3277,2117,2,111.4,222.8
4804,3278,2062,3,413.79,1241.37
4805,3279,2065,2,343.89,687.78
4806,3279,2178,2,214.14,428.28
4807,3279,2158,3,481.6,1444.8
4808,3280,2259,1,217.77,217.77
4809,3281,2262,1,45.66,45.66
4810,3281,2100,1,60.35,60.35
4811,3281,2073,3,435.34,1306.02
4812,3281,2114,3,234.31,702.93
4813,3282,2270,3,541.74,1625.22
4814,3282,2078,3,242.79,728.37
4815,3282,2289,1,420.02,420.02
4816,3283,2186,2,198.27,396.54
4817,3283,2277,1,374.97,374.97
4818,3283,2118,1,72.45,72.45
4819,3283,2272,3,356.34,1069.02
4820,3283,2086,1,569.91,569.91
4821,3284,2116,2,348.3,696.6
4822,3284,2078,1,242.79,242.79
4823,3284,2277,2,374.97,749.94
4824,3284,2218,2,123.75,247.5
4825,3284,2104,2,338.19,676.38
4826,3285,2216,3,474.89,1424.67
4827,3285,2244,2,569.62,1139.24
4828,3285,2240,1,69.52,69.52
4829,3285,2165,1,226.12,226.12
4830,3285,2070,2,595.68,1191.36
4831,3286,2160,1,365.44,365.44
4832,3286,2107,1,383.56,383.56
4833,3286,2035,2,102.34,204.68
4834,3286,2031,1,488.56,488.56
4835,3286,2211,1,356.22,356.22
4836,3287,2082,1,148.52,148.52
4837,3287,2215,2,147.0,294.0
4838,3287,2201,1,381.11,381.11
4839,3287,2100,1,60.35,60.35
4840,3288,2072,3,145.76,437.28
4841,3288,2206,3,174.6,523.8
4842,3288,2064,3,479.71,1439.13
4843,3289,2106,1,13.59,13.59
4844,3289,2228,3,342.85,1028.55
4845,3290,2168,3,548.98,1646.94
4846,3290,2006,2,262.87,525.74
4847,3290,2061,3,434.03,1302.09
4848,3291,2242,1,148.15,148.15
4849,3292,2153,1,19.57,19.57
4850,3292,2064,1,479.71,479.71
4851,3292,2278,3,429.88,1289.64
4852,3292,2233,2,329.28,658.56
4853,3293,2021,1,314.8,314.8
4854,3293,2196,3,97.86,293.58
4855,3293,2131,2,512.41,1024.82
4856,3294,2300,1,184.3,184.3
4857,3294,2087,3,206.76,620.28
4858,3294,2250,1,121.01,121.01
4859,3294,2150,1,181.84,181.84
4860,3295,2186,1,198.27,198.27
4861,3295,2124,3,217.64,652.92
4862,3295,2254,1,312.55,312.55
4863,3295,2222,2,148.95,297.9
4864,3295,2216,3,474.89,1424.67
4865,3296,2129,2,551.57,1103.14
4866,3296,2261,3,382.1,1146.3
4867,3296,2169,2,419.44,838.88
4868,3297,2043,3,270.91,812.73
4869,3297,2007,2,278.26,556.52
4870,3297,2052,1,236.31,236.31
4871,3298,2254,3,312.55,937.65
4872,3298,2114,2,234.31,468.62
4873,3298,2223,3,222.13,666.39
4874,3298,2137,3,101.0,303.0
4875,3298,2054,3,186.14,558.42
4876,3299,2266,3,56.61,169.83
4877,3299,2196,3,97.86,293.58
4878,3299,2022,1,151.78,151.78
4879,3299,2056,3,347.35,1042.05
4880,3300,2061,1,434.03,434.03
4881,3301,2298,3,316.08,948.24
4882,3301,2216,3,474.89,1424.67
4883,3301,2202,1,74.83,74.83
4884,3302,2226,3,334.04,1002.12
4885,3302,2236,1,215.17,215.17
4886,3302,2294,2,353.51,707.02
4887,3303,2014,1,471.74,471.74
4888,3303,2111,3,75.41,226.23
4889,3303,2291,2,334.55,669.1
4890,3303,2093,1,546.15,546.15
4891,3304,2212,2,40.96,81.92
4892,3304,2015,2,211.32,422.64
4893,3304,2234,3,89.89,269.67
4894,3305,2181,2,342.52,685.04
4895,3305,2128,1,111.8,111.8
4896,3305,2142,2,314.38,628.76
4897,3306,2135,3,296.89,890.67
4898,3306,2083,3,438.68,1316.04
4899,3306,2108,2,211.12,422.24
4900,3306,2286,3,89.93,269.79
4901,3307,2179,2,574.24,1148.48
4902,3307,2089,2,590.57,1181.14
4903,3307,2256,3,561.5,1684.5
4904,3307,2046,3,158.91,476.73
4905,3308,2163,1,386.12,386.12
4906,3308,2157,3,454.43,1363.29
4907,3309,2208,2,409.2,818.4
4908,3310,2255,3,194.61,583.83
4909,3310,2096,2,323.02,646.04
4910,3310,2196,2,97.86,195.72
4911,3310,2104,2,338.19,676.38
4912,3310,2136,2,328.45,656.9
4913,3311,2082,1,148.52,148.52
4914,3311,2087,1,206.76,206.76
4915,3311,2166,1,271.91,271.91
4916,3312,2159,1,418.31,418.31
4917,3312,2260,2,505.04,1010.08
4918,3312,2287,3,204.42,613.26
4919,3312,2152,3,336.94,1010.82
4920,3312,2276,1,299.45,299.45
4921,3313,2048,3,334.03,1002.09
4922,3313,2047,3,120.66,361.98
4923,3314,2135,2,296.89,593.78
4924,3314,2075,2,255.14,510.28
4925,3314,2175,1,388.97,388.97
4926,3314,2273,2,511.16,1022.32
4927,3315,2151,3,404.24,1212.72
4928,3316,2043,1,270.91,270.91
4929,3316,2166,3,271.91,815.73
4930,3316,2116,1,348.3,348.3
4931,3316,2227,3,361.52,1084.56
4932,3316,2021,2,314.8,629.6
4933,3317,2254,1,312.55,312.55
4934,3318,2126,2,337.04,674.08
4935,3318,2116,3,348.3,1044.9
4936,3319,2075,2,255.14,510.28
4937,3319,2007,1,278.26,278.26
4938,3320,2248,2,160.44,320.88
4939,3321,2285,2,567.08,1134.16
4940,3321,2283,1,110.04,110.04
4941,3321,2291,3,334.55,1003.65
4942,3321,2099,3,402.4,1207.2
4943,3322,2295,2,423.95,847.9
4944,3322,2199,2,191.52,383.04
4945,3322,2134,2,259.8,519.6
4946,3322,2187,2,181.22,362.44
4947,3323,2164,2,368.46,736.92
4948,3323,2277,1,374.97,374.97
4949,3324,2165,3,226.12,678.36
4950,3324,2127,3,290.61,871.83
4951,3325,2050,3,64.98,194.94
4952,3325,2260,2,505.04,1010.08
4953,3326,2161,1,399.93,399.93
4954,3326,2054,2,186.14,372.28
4955,3326,2117,2,111.4,222.8
4956,3326,2179,3,574.24,1722.72
4957,3326,2284,1,47.32,47.32
4958,3327,2225,1,140.29,140.29
4959,3327,2255,1,194.61,194.61
4960,3327,2224,3,414.77,1244.31
4961,3327,2034,2,379.04,758.08
4962,3328,2030,3,291.85,875.55
4963,3328,2178,2,214.14,428.28
4964,3328,2245,1,565.53,565.53
4965,3328,2076,3,107.07,321.21
4966,3328,2033,2,594.11,1188.22
4967,3329,2130,2,391.9,783.8
4968,3329,2015,1,211.32,211.32
4969,3329,2252,3,292.55,877.65
4970,3329,2221,2,119.01,238.02
4971,3329,2069,2,127.53,255.06
4972,3330,2156,2,532.61,1065.22
4973,3330,2170,1,430.88,430.88
4974,3330,2120,3,323.05,969.15
4975,3330,2292,3,50.79,152.37
4976,3330,2261,3,382.1,1146.3
4977,3331,2004,3,171.02,513.06
4978,3331,2028,1,584.82,584.82
4979,3331,2184,1,103.26,103.26
4980,3332,2033,1,594.11,594.11
4981,3332,2272,3,356.34,1069.02
4982,3332,2212,1,40.96,40.96
4983,3332,2083,1,438.68,438.68
4984,3332,2100,1,60.35,60.35
4985,3333,2062,2,413.79,827.58
4986,3333,2170,3,430.88,1292.64
4987,3333,2046,3,158.91,476.73
4988,3333,2049,3,369.22,1107.66
4989,3334,2209,2,573.63,1147.26
4990,3334,2196,1,97.86,97.86
4991,3334,2243,1,526.98,526.98
4992,3334,2071,2,414.61,829.22
4993,3335,2091,2,166.56,333.12
4994,3335,2221,1,119.01,119.01
4995,3335,2130,1,391.9,391.9
4996,3336,2206,2,174.6,349.2
4997,3336,2103,3,350.96,1052.88
4998,3336,2117,3,111.4,334.2
4999,3337,2174,2,599.75,1199.5
5000,3338,2269,2,266.0,532.0
5001,3339,2032,3,476.53,1429.59
5002,3340,2192,1,246.33,246.33
5003,3341,2001,1,205.21,205.21
5004,3341,2271,1,175.41,175.41
5005,3342,2197,3,594.45,1783.35
5006,3342,2157,3,454.43,1363.29
5007,3342,2015,2,211.32,422.64
5008,3343,2089,1,590.57,590.57
5009,3344,2256,1,561.5,561.5
5010,3344,2094,3,246.94,740.82
5011,3344,2275,1,372.17,372.17
5012,3344,2112,3,243.2,729.6
5013,3344,2177,2,500.51,1001.02
5014,3345,2091,1,166.56,166.56
5015,3345,2226,3,334.04,1002.12
5016,3345,2260,1,505.04,505.04
5017,3345,2077,3,93.04,279.12
5018,3345,2228,1,342.85,342.85
5019,3346,2150,3,181.84,545.52
5020,3346,2056,1,347.35,347.35
5021,3346,2179,3,574.24,1722.72
5022,3347,2086,3,569.91,1709.73
5023,3347,2052,2,236.31,472.62
5024,3347,2255,2,194.61,389.22
5025,3347,2099,3,402.4,1207.2
5026,3347,2080,3,531.69,1595.07
5027,3348,2230,2,311.11,622.22
5028,3348,2060,1,244.51,244.51
5029,3348,2284,2,47.32,94.64
5030,3348,2034,1,379.04,379.04
5031,3349,2252,2,292.55,585.1
5032,3349,2097,1,394.03,394.03
5033,3350,2031,3,488.56,1465.68
5034,3350,2246,1,186.92,186.92
5035,3350,2051,3,310.22,930.66
5036,3351,2270,3,541.74,1625.22
5037,3351,2289,3,420.02,1260.06
5038,3351,2295,3,423.95,1271.85
5039,3352,2280,1,120.55,120.55
5040,3352,2103,2,350.96,701.92
5041,3352,2145,1,142.47,142.47
5042,3352,2165,2,226.12,452.24
5043,3353,2207,2,298.5,597.0
5044,3353,2223,1,222.13,222.13
5045,3353,2194,2,242.39,484.78
5046,3353,2043,1,270.91,270.91
5047,3354,2288,2,568.88,1137.76
5048,3354,2248,2,160.44,320.88
5049,3354,2200,2,471.9,943.8
5050,3355,2271,1,175.41,175.41
5051,3356,2046,3,158.91,476.73
5052,3356,2158,3,481.6,1444.8
5053,3357,2278,1,429.88,429.88
5054,3357,2089,1,590.57,590.57
5055,3357,2161,2,399.93,799.86
5056,3357,2025,2,146.01,292.02
5057,3357,2274,1,584.84,584.84
5058,3358,2276,3,299.45,898.35
5059,3358,2027,3,124.52,373.56
5060,3358,2223,3,222.13,666.39
5061,3359,2261,3,382.1,1146.3
5062,3359,2190,3,38.7,116.1
5063,3360,2110,1,296.53,296.53
5064,3361,2096,3,323.02,969.06
5065,3361,2114,1,234.31,234.31
5066,3361,2164,2,368.46,736.92
5067,3361,2038,1,545.95,545.95
5068,3362,2008,2,287.47,574.94
5069,3362,2024,1,323.23,323.23
5070,3362,2196,1,97.86,97.86
5071,3362,2106,3,13.59,40.77
5072,3362,2060,2,244.51,489.02
5073,3363,2200,2,471.9,943.8
5074,3363,2117,2,111.4,222.8
5075,3364,2080,1,531.69,531.69
5076,3365,2127,1,290.61,290.61
5077,3365,2133,3,232.23,696.69
5078,3365,2217,3,278.06,834.18
5079,3365,2293,2,398.6,797.2
5080,3365,2159,2,418.31,836.62
5081,3366,2213,2,586.96,1173.92
5082,3367,2143,3,312.87,938.61
5083,3367,2098,1,144.8,144.8
5084,3367,2250,3,121.01,363.03
5085,3367,2130,3,391.9,1175.7
5086,3368,2022,1,151.78,151.78
5087,3368,2230,3,311.11,933.33
5088,3368,2066,1,152.08,152.08
5089,3368,2115,1,447.79,447.79
5090,3369,2251,1,522.98,522.98
5091,3369,2035,3,102.34,307.02
5092,3370,2086,2,569.91,1139.82
5093,3370,2132,3,580.93,1742.79
5094,3370,2204,2,340.91,681.82
5095,3371,2292,1,50.79,50.79
5096,3371,2134,2,259.8,519.6
5097,3371,2056,1,347.35,347.35
5098,3372,2285,2,567.08,1134.16
5099,3373,2066,1,152.08,152.08
5100,3373,2266,2,56.61,113.22
5101,3374,2056,2,347.35,694.7
5102,3374,2058,1,523.11,523.11
5103,3374,2118,1,72.45,72.45
5104,3374,2020,3,135.14,405.42
5105,3375,2124,2,217.64,435.28
5106,3376,2190,3,38.7,116.1
5107,3376,2225,3,140.29,420.87
5108,3376,2074,1,270.08,270.08
5109,3376,2227,1,361.52,361.52
5110,3376,2022,3,151.78,455.34
5111,3377,2023,1,140.73,140.73
5112,3377,2292,2,50.79,101.58
5113,3377,2008,2,287.47,574.94
5114,3378,2180,1,109.49,109.49
5115,3378,2237,3,456.14,1368.42
5116,3379,2201,2,381.11,762.22
5117,3380,2150,1,181.84,181.84
5118,3380,2259,1,217.77,217.77
5119,3381,2100,3,60.35,181.05
5120,3381,2172,3,81.59,244.77
5121,3382,2013,3,54.83,164.49
5122,3382,2226,3,334.04,1002.12
5123,3382,2036,2,179.97,359.94
5124,3382,2126,3,337.04,1011.12
5125,3383,2074,2,270.08,540.16
5126,3383,2281,1,218.8,218.8
5127,3384,2034,2,379.04,758.08
5128,3385,2274,1,584.84,584.84
5129,3385,2009,1,33.74,33.74
5130,3385,2087,1,206.76,206.76
5131,3385,2165,3,226.12,678.36
5132,3385,2190,1,38.7,38.7
5133,3386,2196,1,97.86,97.86
5134,3387,2030,3,291.85,875.55
5135,3387,2199,1,191.52,191.52
5136,3387,2291,3,334.55,1003.65
5137,3387,2062,3,413.79,1241.37
5138,3387,2115,1,447.79,447.79
5139,3388,2244,3,569.62,1708.86
5140,3389,2145,3,142.47,427.41
5141,3389,2199,2,191.52,383.04
5142,3389,2231,3,44.05,132.15
5143,3389,2122,2,301.52,603.04
5144,3390,2233,2,329.28,658.56
5145,3390,2246,3,186.92,560.76
5146,3390,2079,2,495.22,990.44
5147,3391,2074,3,270.08,810.24
5148,3391,2147,3,13.09,39.27
5149,3392,2199,1,191.52,191.52
5150,3392,2132,2,580.93,1161.86
5151,3393,2222,2,148.95,297.9
5152,3394,2022,2,151.78,303.56
5153,3394,2236,3,215.17,645.51
5154,3395,2117,2,111.4,222.8
5155,3395,2206,2,174.6,349.2
5156,3395,2065,2,343.89,687.78
5157,3395,2181,2,342.52,685.04
5158,3395,2107,3,383.56,1150.68
5159,3396,2228,2,342.85,685.7
5160,3396,2199,2,191.52,383.04
5161,3396,2238,3,495.77,1487.31
5162,3396,2187,2,181.22,362.44
5163,3397,2272,1,356.34,356.34
5164,3397,2106,1,13.59,13.59
5165,3398,2292,3,50.79,152.37
5166,3398,2100,3,60.35,181.05
5167,3399,2187,3,181.22,543.66
5168,3399,2238,2,495.77,991.54
5169,3399,2281,1,218.8,218.8
5170,3399,2210,2,498.48,996.96
5171,3399,2192,1,246.33,246.33
5172,3400,2056,3,347.35,1042.05
5173,3400,2278,2,429.88,859.76
5174,3400,2232,1,11.77,11.77
5175,3400,2154,1,217.85,217.85
5176,3401,2173,1,347.63,347.63
5177,3401,2283,3,110.04,330.12
5178,3402,2265,1,97.84,97.84
5179,3402,2222,3,148.95,446.85
5180,3402,2093,1,546.15,546.15
5181,3402,2227,2,361.52,723.04
5182,3403,2089,3,590.57,1771.71
5183,3403,2140,1,176.24,176.24
5184,3403,2289,1,420.02,420.02
5185,3403,2080,2,531.69,1063.38
5186,3403,2206,2,174.6,349.2
5187,3404,2126,3,337.04,1011.12
5188,3404,2067,3,403.43,1210.29
5189,3404,2250,3,121.01,363.03
5190,3404,2162,3,217.4,652.2
5191,3405,2050,1,64.98,64.98
5192,3406,2011,1,368.27,368.27
5193,3407,2170,1,430.88,430.88
5194,3408,2183,1,294.93,294.93
5195,3408,2104,2,338.19,676.38
5196,3408,2078,1,242.79,242.79
5197,3409,2162,2,217.4,434.8
5198,3409,2299,2,465.67,931.34
5199,3409,2229,3,514.14,1542.42
5200,3410,2149,1,503.64,503.64
5201,3410,2156,3,532.61,1597.83
5202,3411,2078,2,242.79,485.58
5203,3411,2084,1,417.26,417.26
5204,3412,2210,3,498.48,1495.44
5205,3412,2082,2,148.52,297.04
5206,3412,2288,3,568.88,1706.64
5207,3412,2283,1,110.04,110.04
5208,3412,2241,1,247.33,247.33
5209,3413,2228,1,342.85,342.85
5210,3413,2050,1,64.98,64.98
5211,3414,2243,1,526.98,526.98
5212,3414,2195,3,246.81,740.43
5213,3414,2245,3,565.53,1696.59
5214,3414,2088,2,489.69,979.38
5215,3415,2300,1,184.3,184.3
5216,3415,2293,2,398.6,797.2
5217,3415,2094,3,246.94,740.82
5218,3415,2230,3,311.11,933.33
5219,3416,2174,1,599.75,599.75
5220,3416,2044,1,250.92,250.92
5221,3416,2190,1,38.7,38.7
5222,3417,2154,3,217.85,653.55
5223,3417,2202,2,74.83,149.66
5224,3417,2077,2,93.04,186.08
5225,3417,2057,3,477.5,1432.5
5226,3417,2101,1,356.0,356.0
5227,3418,2254,1,312.55,312.55
5228,3418,2009,2,33.74,67.48
5229,3418,2214,2,455.98,911.96
5230,3419,2263,3,324.0,972.0
5231,3419,2144,1,25.73,25.73
5232,3420,2164,3,368.46,1105.38
5233,3420,2086,2,569.91,1139.82
5234,3420,2027,2,124.52,249.04
5235,3420,2123,2,196.51,393.02
5236,3421,2173,3,347.63,1042.89
5237,3421,2021,1,314.8,314.8
5238,3421,2140,2,176.24,352.48
5239,3421,2235,3,544.98,1634.94
5240,3422,2067,3,403.43,1210.29
5241,3423,2294,1,353.51,353.51
5242,3424,2195,2,246.81,493.62
5243,3424,2103,2,350.96,701.92
5244,3424,2241,1,247.33,247.33
5245,3425,2193,3,307.5,922.5
5246,3425,2172,2,81.59,163.18
5247,3425,2188,2,194.49,388.98
5248,3426,2068,3,567.68,1703.04
5249,3426,2178,1,214.14,214.14
5250,3426,2134,2,259.8,519.6
5251,3427,2137,3,101.0,303.0
5252,3427,2043,1,270.91,270.91
5253,3427,2231,3,44.05,132.15
5254,3428,2261,1,382.1,382.1
5255,3428,2059,1,251.88,251.88
5256,3428,2012,1,25.14,25.14
5257,3429,2091,2,166.56,333.12
5258,3430,2079,3,495.22,1485.66
5259,3431,2045,1,302.32,302.32
5260,3431,2039,3,496.29,1488.87
5261,3432,2175,3,388.97,1166.91
5262,3433,2080,3,531.69,1595.07
5263,3434,2170,3,430.88,1292.64
5264,3434,2055,1,213.61,213.61
5265,3434,2063,1,425.29,425.29
5266,3434,2029,3,348.69,1046.07
5267,3435,2096,1,323.02,323.02
5268,3436,2002,2,568.17,1136.34
5269,3437,2108,3,211.12,633.36
5270,3437,2026,1,445.77,445.77
5271,3438,2165,1,226.12,226.12
5272,3438,2272,3,356.34,1069.02
5273,3438,2099,2,402.4,804.8
5274,3438,2244,3,569.62,1708.86
5275,3439,2241,3,247.33,741.99
5276,3439,2148,3,179.97,539.91
5277,3440,2032,1,476.53,476.53
5278,3440,2227,1,361.52,361.52
5279,3440,2095,1,368.89,368.89
5280,3440,2260,2,505.04,1010.08
5281,3440,2004,1,171.02,171.02
5282,3441,2295,2,423.95,847.9
5283,3441,2097,1,394.03,394.03
5284,3441,2064,1,479.71,479.71
5285,3441,2039,2,496.29,992.58
5286,3441,2096,3,323.02,969.06
5287,3442,2152,2,336.94,673.88
5288,3442,2212,2,40.96,81.92
5289,3442,2260,2,505.04,1010.08
5290,3442,2147,3,13.09,39.27
5291,3442,2112,1,243.2,243.2
5292,3443,2004,1,171.02,171.02
5293,3443,2129,1,551.57,551.57
5294,3443,2145,2,142.47,284.94
5295,3443,2083,2,438.68,877.36
5296,3443,2034,3,379.04,1137.12
5297,3444,2221,1,119.01,119.01
5298,3445,2007,3,278.26,834.78
5299,3445,2046,3,158.91,476.73
5300,3445,2164,3,368.46,1105.38
5301,3445,2186,3,198.27,594.81
5302,3446,2292,2,50.79,101.58
5303,3447,2231,2,44.05,88.1
5304,3447,2184,2,103.26,206.52
5305,3447,2246,2,186.92,373.84
5306,3448,2161,3,399.93,1199.79
5307,3448,2280,1,120.55,120.55
5308,3448,2098,1,144.8,144.8
5309,3448,2117,3,111.4,334.2
5310,3449,2210,2,498.48,996.96
5311,3449,2239,2,76.57,153.14
5312,3449,2237,2,456.14,912.28
5313,3450,2232,2,11.77,23.54
5314,3450,2079,1,495.22,495.22
5315,3450,2073,1,435.34,435.34
5316,3450,2198,2,428.15,856.3
5317,3451,2077,2,93.04,186.08
5318,3451,2205,3,324.53,973.59
5319,3451,2188,1,194.49,194.49
5320,3451,2008,1,287.47,287.47
5321,3452,2095,2,368.89,737.78
5322,3452,2112,1,243.2,243.2
5323,3452,2049,2,369.22,738.44
5324,3452,2009,2,33.74,67.48
5325,3452,2201,1,381.11,381.11
5326,3453,2255,2,194.61,389.22
5327,3454,2156,2,532.61,1065.22
5328,3454,2282,1,254.14,254.14
5329,3455,2250,2,121.01,242.02
5330,3455,2256,2,561.5,1123.0
5331,3456,2250,2,121.01,242.02
5332,3456,2031,1,488.56,488.56
5333,3457,2166,3,271.91,815.73
5334,3458,2149,2,503.64,1007.28
5335,3458,2073,1,435.34,435.34
5336,3458,2121,2,161.01,322.02
5337,3458,2266,2,56.61,113.22
5338,3459,2158,3,481.6,1444.8
5339,3460,2174,3,599.75,1799.25
5340,3460,2160,3,365.44,1096.32
5341,3461,2063,2,425.29,850.58
5342,3461,2067,3,403.43,1210.29
5343,3461,2272,2,356.34,712.68
5344,3461,2145,3,142.47,427.41
5345,3462,2190,2,38.7,77.4
5346,3462,2290,1,473.65,473.65
5347,3463,2229,2,514.14,1028.28
5348,3464,2127,2,290.61,581.22
5349,3464,2108,3,211.12,633.36
5350,3464,2168,2,548.98,1097.96
5351,3464,2120,2,323.05,646.1
5352,3465,2175,2,388.97,777.94
5353,3465,2296,3,397.97,1193.91
5354,3465,2170,3,430.88,1292.64
5355,3465,2100,1,60.35,60.35
5356,3465,2066,3,152.08,456.24
5357,3466,2122,1,301.52,301.52
5358,3466,2128,2,111.8,223.6
5359,3466,2251,3,522.98,1568.94
5360,3466,2289,1,420.02,420.02
5361,3466,2241,2,247.33,494.66
5362,3467,2165,3,226.12,678.36
5363,3467,2042,2,494.63,989.26
5364,3468,2137,1,101.0,101.0
5365,3468,2035,2,102.34,204.68
5366,3468,2231,3,44.05,132.15
5367,3468,2200,1,471.9,471.9
5368,3469,2031,1,488.56,488.56
5369,3469,2243,3,526.98,1580.94
5370,3469,2127,1,290.61,290.61
5371,3470,2183,1,294.93,294.93
5372,3470,2248,2,160.44,320.88
5373,3470,2288,2,568.88,1137.76
5374,3471,2161,3,399.93,1199.79
5375,3471,2275,3,372.17,1116.51
5376,3471,2103,1,350.96,350.96
5377,3471,2097,2,394.03,788.06
5378,3472,2100,3,60.35,181.05
5379,3473,2145,2,142.47,284.94
5380,3473,2128,2,111.8,223.6
5381,3473,2193,1,307.5,307.5
5382,3473,2217,1,278.06,278.06
5383,3473,2006,2,262.87,525.74
5384,3474,2015,3,211.32,633.96
5385,3475,2041,2,200.16,400.32
5386,3475,2189,3,23.66,70.98
5387,3475,2239,2,76.57,153.14
5388,3475,2076,3,107.07,321.21
5389,3476,2228,1,342.85,342.85
5390,3476,2161,2,399.93,799.86
5391,3477,2142,1,314.38,314.38
5392,3477,2102,3,402.54,1207.62
5393,3477,2233,1,329.28,329.28
5394,3477,2146,2,179.25,358.5
5395,3478,2064,1,479.71,479.71
5396,3479,2283,1,110.04,110.04
5397,3479,2245,2,565.53,1131.06
5398,3479,2189,3,23.66,70.98
5399,3480,2282,2,254.14,508.28
5400,3480,2014,1,471.74,471.74
5401,3480,2223,2,222.13,444.26
5402,3480,2166,3,271.91,815.73
5403,3481,2145,2,142.47,284.94
5404,3482,2292,2,50.79,101.58
5405,3482,2021,1,314.8,314.8
5406,3482,2262,1,45.66,45.66
5407,3482,2029,1,348.69,348.69
5408,3482,2068,1,567.68,567.68
5409,3483,2268,1,232.52,232.52
5410,3484,2048,2,334.03,668.06
5411,3484,2185,2,433.82,867.64
5412,3485,2212,2,40.96,81.92
5413,3486,2253,2,199.74,399.48
5414,3487,2032,3,476.53,1429.59
5415,3487,2269,1,266.0,266.0
5416,3487,2214,1,455.98,455.98
5417,3487,2203,2,252.11,504.22
5418,3487,2080,1,531.69,531.69
5419,3488,2134,1,259.8,259.8
5420,3489,2029,1,348.69,348.69
5421,3489,2286,1,89.93,89.93
5422,3490,2246,1,186.92,186.92
5423,3490,2022,1,151.78,151.78
5424,3491,2079,3,495.22,1485.66
5425,3491,2071,2,414.61,829.22
5426,3492,2199,3,191.52,574.56
5427,3492,2203,2,252.11,504.22
5428,3492,2010,2,289.39,578.78
5429,3493,2213,3,586.96,1760.88
5430,3494,2021,1,314.8,314.8
5431,3495,2019,1,346.2,346.2
5432,3495,2107,2,383.56,767.12
5433,3495,2118,3,72.45,217.35
5434,3495,2299,1,465.67,465.67
5435,3495,2252,3,292.55,877.65
5436,3496,2261,1,382.1,382.1
5437,3496,2085,1,331.22,331.22
5438,3496,2204,3,340.91,1022.73
5439,3497,2145,2,142.47,284.94
5440,3498,2192,3,246.33,738.99
5441,3498,2262,2,45.66,91.32
5442,3498,2199,2,191.52,383.04
5443,3498,2082,1,148.52,148.52
5444,3498,2104,2,338.19,676.38
5445,3499,2202,2,74.83,149.66
5446,3499,2062,1,413.79,413.79
5447,3499,2147,2,13.09,26.18
5448,3500,2263,1,324.0,324.0
5449,3500,2208,2,409.2,818.4
5450,3500,2105,1,398.11,398.11
5451,3500,2095,3,368.89,1106.67
5452,3500,2058,1,523.11,523.11
